Date,Name,Year,Letterboxd URI,Rating,Rewatch,Tags,Watched Date
2017-10-07,Milk,2008,https://letterboxd.com/rotoloboi/film/milk-2008/,5,,,2012-10-09
2017-09-19,The Circle,2017,https://letterboxd.com/rotoloboi/film/the-circle-2017/,2,,,2017-09-19
2017-09-19,Recount,2008,https://letterboxd.com/rotoloboi/film/recount/,4.5,,,2017-09-19
2017-09-25,It,2017,https://letterboxd.com/rotoloboi/film/it-2017/,4.5,,,2017-09-24
2017-10-07,Jennifer's Body,2009,https://letterboxd.com/rotoloboi/film/jennifers-body/,3,,,2017-10-06
2017-10-07,12 Angry Men,1957,https://letterboxd.com/rotoloboi/film/12-angry-men/,5,,,2017-10-06
2018-01-31,Call Me by Your Name,2017,https://letterboxd.com/rotoloboi/film/call-me-by-your-name/,5,,,2018-01-30
2018-03-21,"Love, Simon",2018,https://letterboxd.com/rotoloboi/film/love-simon/,5,,,2018-03-20
2018-03-21,The Shape of Water,2017,https://letterboxd.com/rotoloboi/film/the-shape-of-water/,4.5,,,2018-03-20
2018-05-06,Stranger by the Lake,2013,https://letterboxd.com/rotoloboi/film/stranger-by-the-lake/,3.5,,,2018-05-05
2018-05-06,My Friend Dahmer,2017,https://letterboxd.com/rotoloboi/film/my-friend-dahmer/,4,,,2018-05-05
2018-05-08,RBG,2018,https://letterboxd.com/rotoloboi/film/rbg/,4.5,,,2018-05-07
2018-05-13,Black Panther,2018,https://letterboxd.com/rotoloboi/film/black-panther-2018/,4,,,2018-05-12
2018-05-13,The Normal Heart,2014,https://letterboxd.com/rotoloboi/film/the-normal-heart/,5,,,2018-05-12
2018-05-15,Paris Is Burning,1990,https://letterboxd.com/rotoloboi/film/paris-is-burning/,4.5,,,2018-05-14
2018-06-19,The Blair Witch Project,1999,https://letterboxd.com/rotoloboi/film/the-blair-witch-project/,5,,,2018-06-18
2018-06-22,Thoroughbreds,2017,https://letterboxd.com/rotoloboi/film/thoroughbreds-2017/,4,,,2018-06-21
2018-07-04,Amélie,2001,https://letterboxd.com/rotoloboi/film/amelie/,4.5,,,2018-07-03
2018-07-06,Incredibles 2,2018,https://letterboxd.com/rotoloboi/film/incredibles-2/,5,,,2018-07-05
2018-07-08,Office Space,1999,https://letterboxd.com/rotoloboi/film/office-space/,4.5,,,2018-07-07
2018-07-08,Gangs of New York,2002,https://letterboxd.com/rotoloboi/film/gangs-of-new-york-2002/,4,,,2018-07-07
2018-07-11,The Truman Show,1998,https://letterboxd.com/rotoloboi/film/the-truman-show/,5,,,2018-07-10
2018-07-18,Rosemary's Baby,1968,https://letterboxd.com/rotoloboi/film/rosemarys-baby/,4,,,2018-07-17
2018-07-18,A Knight's Tale,2001,https://letterboxd.com/rotoloboi/film/a-knights-tale/,3.5,,,2018-07-17
2018-07-18,10 Things I Hate About You,1999,https://letterboxd.com/rotoloboi/film/10-things-i-hate-about-you/,4.5,,,2018-07-17
2018-08-06,The Transfiguration,2016,https://letterboxd.com/rotoloboi/film/the-transfiguration/,3.5,,,2018-08-05
2018-08-07,Thor: Ragnarok,2017,https://letterboxd.com/rotoloboi/film/thor-ragnarok/,4,,,2018-08-06
2018-08-12,Fight Club,1999,https://letterboxd.com/rotoloboi/film/fight-club/,4.5,,,2018-08-12
2018-08-14,Se7en,1995,https://letterboxd.com/rotoloboi/film/se7en/,4,,,2018-08-13
2018-08-15,Pulp Fiction,1994,https://letterboxd.com/rotoloboi/film/pulp-fiction/,4.5,,,2018-08-15
2018-08-16,Citizen Kane,1941,https://letterboxd.com/rotoloboi/film/citizen-kane/,5,,,2018-08-15
2018-08-17,Memento,2000,https://letterboxd.com/rotoloboi/film/memento/,4,,,2018-08-16
2018-08-20,This Is Spinal Tap,1984,https://letterboxd.com/rotoloboi/film/this-is-spinal-tap/,5,,,2018-08-19
2018-08-20,Drive,2011,https://letterboxd.com/rotoloboi/film/drive-2011/,4,,,2018-08-20
2018-08-21,In Bruges,2008,https://letterboxd.com/rotoloboi/film/in-bruges/,3.5,,,2018-08-21
2018-08-22,2001: A Space Odyssey,1968,https://letterboxd.com/rotoloboi/film/2001-a-space-odyssey/,3.5,,,2018-08-21
2018-08-24,Searching,2018,https://letterboxd.com/rotoloboi/film/searching-2018/,3.5,,,2018-08-23
2018-08-25,Léon: The Professional,1994,https://letterboxd.com/rotoloboi/film/leon-the-professional/,4.5,,,2018-08-24
2018-09-05,Vertigo,1958,https://letterboxd.com/rotoloboi/film/vertigo/,5,,,2018-09-05
2018-09-16,Hereditary,2018,https://letterboxd.com/rotoloboi/film/hereditary/,5,,,2018-09-15
2018-09-29,Split,2016,https://letterboxd.com/rotoloboi/film/split-2016/,3.5,,,2018-09-22
2018-09-29,Eighth Grade,2018,https://letterboxd.com/rotoloboi/film/eighth-grade/,4.5,,,2018-09-28
2018-10-03,The Killing of a Sacred Deer,2017,https://letterboxd.com/rotoloboi/film/the-killing-of-a-sacred-deer/,4,,,2018-10-02
2018-10-05,The Witch,2015,https://letterboxd.com/rotoloboi/film/the-witch-2015/,4,,,2018-10-04
2018-10-08,Don't Breathe,2016,https://letterboxd.com/rotoloboi/film/dont-breathe-2016/,3,,,2018-10-08
2018-10-16,"I, Tonya",2017,https://letterboxd.com/rotoloboi/film/i-tonya/,3.5,,,2018-10-15
2018-10-17,The Edge of Seventeen,2016,https://letterboxd.com/rotoloboi/film/the-edge-of-seventeen/,3.5,,,2018-10-16
2018-10-22,Sorry to Bother You,2018,https://letterboxd.com/rotoloboi/film/sorry-to-bother-you/,5,,,2018-10-22
2018-10-24,Lady Bird,2017,https://letterboxd.com/rotoloboi/film/lady-bird/,4.5,,,2018-10-23
2018-10-24,Baby Driver,2017,https://letterboxd.com/rotoloboi/film/baby-driver/,4,,,2018-10-23
2018-11-03,A Star Is Born,2018,https://letterboxd.com/rotoloboi/film/a-star-is-born-2018/,4,,,2018-11-02
2018-11-19,Boy Erased,2018,https://letterboxd.com/rotoloboi/film/boy-erased/,4,,,2018-11-18
2018-11-30,Henry Gamble's Birthday Party,2015,https://letterboxd.com/rotoloboi/film/henry-gambles-birthday-party/,2.5,,,2018-11-29
2018-12-07,The Florida Project,2017,https://letterboxd.com/rotoloboi/film/the-florida-project/,3.5,,,2018-12-06
2018-12-09,The Times of Harvey Milk,1984,https://letterboxd.com/rotoloboi/film/the-times-of-harvey-milk/,4.5,,,2018-12-08
2018-12-10,mother!,2017,https://letterboxd.com/rotoloboi/film/mother-2017/,2.5,,,2018-12-10
2018-12-15,Dumplin',2018,https://letterboxd.com/rotoloboi/film/dumplin/,2.5,,,2018-12-14
2018-12-15,Scrooge,1935,https://letterboxd.com/rotoloboi/film/scrooge-1935/,3,,,2018-12-14
2018-12-17,Springsteen On Broadway,2018,https://letterboxd.com/rotoloboi/film/springsteen-on-broadway/,3.5,,,2018-12-16
2018-12-18,Vox Lux,2018,https://letterboxd.com/rotoloboi/film/vox-lux/,5,,,2018-12-17
2018-12-22,BlacKkKlansman,2018,https://letterboxd.com/rotoloboi/film/blackkklansman/,5,,,2018-12-21
2018-12-24,Suspiria,2018,https://letterboxd.com/rotoloboi/film/suspiria-2018/,4.5,,,2018-12-23
2018-12-27,The Favourite,2018,https://letterboxd.com/rotoloboi/film/the-favourite/,4,,,2018-12-26
2018-12-29,Mary Poppins Returns,2018,https://letterboxd.com/rotoloboi/film/mary-poppins-returns/,2.5,,,2018-12-28
2018-12-31,Spider-Man: Into the Spider-Verse,2018,https://letterboxd.com/rotoloboi/film/spider-man-into-the-spider-verse/,5,,,2018-12-30
2019-01-01,Bird Box,2018,https://letterboxd.com/rotoloboi/film/bird-box/,2,,,2018-12-31
2019-01-01,Black Mirror: Bandersnatch,2018,https://letterboxd.com/rotoloboi/film/black-mirror-bandersnatch/,3,,,2018-12-31
2019-01-02,Bobby Sands: 66 Days,2016,https://letterboxd.com/rotoloboi/film/bobby-sands-66-days/,3.5,,,2019-01-01
2019-01-05,Borg vs McEnroe,2017,https://letterboxd.com/rotoloboi/film/borg-vs-mcenroe/,3.5,,,2019-01-04
2019-01-24,Fyre,2019,https://letterboxd.com/rotoloboi/film/fyre-2019/,3.5,,,2019-01-23
2019-01-25,What Happened to Monday,2017,https://letterboxd.com/rotoloboi/film/what-happened-to-monday/,2.5,,,2019-01-24
2019-01-26,American Circumcision,2017,https://letterboxd.com/rotoloboi/film/american-circumcision/,3,,,2019-01-24
2019-01-26,Extremis,2016,https://letterboxd.com/rotoloboi/film/extremis/,2.5,,,2019-01-25
2019-01-27,The American Meme,2018,https://letterboxd.com/rotoloboi/film/the-american-meme/,2,,,2019-01-26
2019-01-27,"My Teacher, My Obsession",2018,https://letterboxd.com/rotoloboi/film/my-teacher-my-obsession/,0.5,,,2019-01-27
2019-01-30,Avicii: True Stories,2017,https://letterboxd.com/rotoloboi/film/avicii-true-stories/,3,,,2019-01-29
2019-02-05,Velvet Buzzsaw,2019,https://letterboxd.com/rotoloboi/film/velvet-buzzsaw/,2.5,,,2019-02-04
2019-02-11,The Gate,1987,https://letterboxd.com/rotoloboi/film/the-gate/,2.5,,,2019-02-10
2019-02-11,Shrek Retold,2018,https://letterboxd.com/rotoloboi/film/shrek-retold/,4,,,2019-02-11
2019-02-15,Brooklyn,2015,https://letterboxd.com/rotoloboi/film/brooklyn/,4,Yes,,2019-02-14
2019-02-17,Eternal Sunshine of the Spotless Mind,2004,https://letterboxd.com/rotoloboi/film/eternal-sunshine-of-the-spotless-mind/,4.5,,,2019-02-16
2019-02-22,Goodnight Mommy,2014,https://letterboxd.com/rotoloboi/film/goodnight-mommy/,4,,,2019-02-21
2019-03-03,Grandmother's Gold,2018,https://letterboxd.com/rotoloboi/film/grandmothers-gold/,2.5,,,2019-03-02
2019-03-04,Transformer,2018,https://letterboxd.com/rotoloboi/film/transformer-2018/,3.5,,,2019-03-04
2019-03-15,Nothing to Hide,2018,https://letterboxd.com/rotoloboi/film/nothing-to-hide-2018/,3.5,,,2019-03-15
2019-04-23,Captain America: The First Avenger,2011,https://letterboxd.com/rotoloboi/film/captain-america-the-first-avenger/,3.5,,,2019-04-22
2019-04-25,Ant-Man and the Wasp,2018,https://letterboxd.com/rotoloboi/film/ant-man-and-the-wasp/,2.5,,,2019-04-24
2019-05-25,Avengers: Endgame,2019,https://letterboxd.com/rotoloboi/film/avengers-endgame/,4,,,2019-04-29
2019-05-31,Brightburn,2019,https://letterboxd.com/rotoloboi/film/brightburn/,2.5,,,2019-05-30
2019-06-06,Stonewall Uprising,2010,https://letterboxd.com/rotoloboi/film/stonewall-uprising/,3.5,,,2019-06-06
2019-06-12,The Birdcage,1996,https://letterboxd.com/rotoloboi/film/the-birdcage/,4,,,2019-06-11
2019-07-04,Midsommar,2019,https://letterboxd.com/rotoloboi/film/midsommar/,5,,,2019-07-03
2019-07-10,The Graduate,1967,https://letterboxd.com/rotoloboi/film/the-graduate/,3.5,,,2019-07-09
2019-08-07,Pokémon Detective Pikachu,2019,https://letterboxd.com/rotoloboi/film/pokemon-detective-pikachu/,3,,,2019-08-05
2019-08-10,Dan in Real Life,2007,https://letterboxd.com/rotoloboi/film/dan-in-real-life/,3,,,2019-08-08
2019-08-15,The Farewell,2019,https://letterboxd.com/rotoloboi/film/the-farewell-2019/,4.5,,,2019-08-13
2019-08-15,The Notebook,2004,https://letterboxd.com/rotoloboi/film/the-notebook/,3,,,2019-08-13
2019-08-17,Your Sister's Sister,2011,https://letterboxd.com/rotoloboi/film/your-sisters-sister/,3.5,,,2019-08-15
2019-08-26,Roll Red Roll,2018,https://letterboxd.com/rotoloboi/film/roll-red-roll/,3.5,,,2019-08-25
2019-08-27,The Hateful Eight,2015,https://letterboxd.com/rotoloboi/film/the-hateful-eight/,4.5,,,2019-08-25
2019-09-06,Love & Other Drugs,2010,https://letterboxd.com/rotoloboi/film/love-other-drugs/,2.5,,,2019-09-06
2019-09-20,Glitter,2001,https://letterboxd.com/rotoloboi/film/glitter/,1,,,2019-09-19
2019-10-11,Paddington 2,2017,https://letterboxd.com/rotoloboi/film/paddington-2/,4.5,,,2019-10-10
2020-05-11,It Chapter Two,2019,https://letterboxd.com/rotoloboi/film/it-chapter-two/,3.5,,,2019-10-11
2019-11-30,Hustlers,2019,https://letterboxd.com/rotoloboi/film/hustlers-2019/,3.5,,,2019-11-29
2019-11-30,Us,2019,https://letterboxd.com/rotoloboi/film/us-2019/,3.5,,,2019-11-29
2019-11-30,Magic Mike XXL,2015,https://letterboxd.com/rotoloboi/film/magic-mike-xxl/,2.5,,,2019-11-29
2019-12-01,Someone Great,2019,https://letterboxd.com/rotoloboi/film/someone-great/,3,,,2019-11-30
2019-12-03,How to Lose a Guy in 10 Days,2003,https://letterboxd.com/rotoloboi/film/how-to-lose-a-guy-in-10-days/,3,,,2019-12-02
2019-12-06,Ready or Not,2019,https://letterboxd.com/rotoloboi/film/ready-or-not-2019/,3.5,,,2019-12-05
2019-12-14,Long Shot,2019,https://letterboxd.com/rotoloboi/film/long-shot-2019/,3,,,2019-12-13
2019-12-18,The Holiday,2006,https://letterboxd.com/rotoloboi/film/the-holiday/,3.5,,,2019-12-16
2019-12-23,Unaccompanied Minors,2006,https://letterboxd.com/rotoloboi/film/unaccompanied-minors/,2,,,2019-12-21
2019-12-27,It's a Wonderful Life,1946,https://letterboxd.com/rotoloboi/film/its-a-wonderful-life/,4.5,,,2019-12-25
2019-12-28,Bombshell,2019,https://letterboxd.com/rotoloboi/film/bombshell-2019/,3.5,,,2019-12-27
2019-12-30,Swiped,2018,https://letterboxd.com/rotoloboi/film/swiped-2018/,0.5,,,2019-12-29
2020-01-02,Brothers,2009,https://letterboxd.com/rotoloboi/film/brothers-2009/,2.5,,,2020-01-01
2020-01-02,It Comes at Night,2017,https://letterboxd.com/rotoloboi/film/it-comes-at-night/,2.5,,,2020-01-01
2020-01-10,Marriage Story,2019,https://letterboxd.com/rotoloboi/film/marriage-story-2019/,4,,,2020-01-09
2020-01-12,The Invention of Lying,2009,https://letterboxd.com/rotoloboi/film/the-invention-of-lying/,3.5,,,2020-01-11
2020-01-13,Chloe,2009,https://letterboxd.com/rotoloboi/film/chloe/,1,,,2020-01-12
2020-01-31,Hail Satan?,2019,https://letterboxd.com/rotoloboi/film/hail-satan/,4,,,2020-01-29
2020-01-31,Hannah Montana: The Movie,2009,https://letterboxd.com/rotoloboi/film/hannah-montana-the-movie/,2,,,2020-01-30
2020-02-26,Inglourious Basterds,2009,https://letterboxd.com/rotoloboi/film/inglourious-basterds/,4.5,,,2020-02-23
2020-03-11,Parasite,2019,https://letterboxd.com/rotoloboi/film/parasite-2019/,4,,,2020-03-01
2020-03-15,Aquamarine,2006,https://letterboxd.com/rotoloboi/film/aquamarine/,1.5,,,2020-03-14
2020-03-15,Arrival,2016,https://letterboxd.com/rotoloboi/film/arrival-2016/,4.5,Yes,,2020-03-14
2020-03-19,Fun with Dick and Jane,2005,https://letterboxd.com/rotoloboi/film/fun-with-dick-and-jane-1996/,2.5,,,2020-03-18
2020-03-19,Wonder,2017,https://letterboxd.com/rotoloboi/film/wonder-2017/,3,,,2020-03-18
2020-03-20,"Crazy, Stupid, Love.",2011,https://letterboxd.com/rotoloboi/film/crazy-stupid-love/,3,Yes,,2020-03-19
2020-03-22,Hairspray,2007,https://letterboxd.com/rotoloboi/film/hairspray-2007/,3,Yes,,2020-03-21
2020-03-24,Fighting with My Family,2019,https://letterboxd.com/rotoloboi/film/fighting-with-my-family/,3.5,,,2020-03-23
2020-03-30,28 Days Later,2002,https://letterboxd.com/rotoloboi/film/28-days-later/,1,,,2020-03-28
2020-03-30,American Ultra,2015,https://letterboxd.com/rotoloboi/film/american-ultra/,3.5,,,2020-03-29
2020-04-12,Captain Marvel,2019,https://letterboxd.com/rotoloboi/film/captain-marvel/,4,,,2020-04-11
2020-04-13,What Happened to Monday,2017,https://letterboxd.com/rotoloboi/film/what-happened-to-monday/1/,3,Yes,,2020-04-12
2020-04-17,Snowpiercer,2013,https://letterboxd.com/rotoloboi/film/snowpiercer/,3.5,,,2020-04-16
2020-04-18,Heathers,1988,https://letterboxd.com/rotoloboi/film/heathers/,3.5,,,2020-04-17
2020-04-20,Room,2015,https://letterboxd.com/rotoloboi/film/room-2015/,3,,,2020-04-19
2020-04-20,All the Bright Places,2020,https://letterboxd.com/rotoloboi/film/all-the-bright-places/,2,,,2020-04-19
2020-04-20,Love Wedding Repeat,2020,https://letterboxd.com/rotoloboi/film/love-wedding-repeat/,3,,,2020-04-19
2020-04-20,Code 8,2019,https://letterboxd.com/rotoloboi/film/code-8-2019/,2,,,2020-04-19
2020-04-21,The Princess Diaries 2: Royal Engagement,2004,https://letterboxd.com/rotoloboi/film/the-princess-diaries-2-royal-engagement/,2.5,,,2020-04-20
2020-04-23,Booksmart,2019,https://letterboxd.com/rotoloboi/film/booksmart/,3.5,,,2020-04-22
2020-04-28,Sex and the City 2,2010,https://letterboxd.com/rotoloboi/film/sex-and-the-city-2/,1,,,2020-04-25
2020-04-28,Parasite,2019,https://letterboxd.com/rotoloboi/film/parasite-2019/1/,4.5,Yes,,2020-04-27
2020-04-29,National Treasure,2004,https://letterboxd.com/rotoloboi/film/national-treasure/,3,Yes,,2020-04-28
2020-04-30,National Treasure: Book of Secrets,2007,https://letterboxd.com/rotoloboi/film/national-treasure-book-of-secrets/,3,Yes,,2020-04-29
2020-05-05,Onward,2020,https://letterboxd.com/rotoloboi/film/onward-2020/,3,,,2020-04-30
2020-05-04,Cloverfield,2008,https://letterboxd.com/rotoloboi/film/cloverfield/,1.5,Yes,,2020-05-03
2020-05-04,The Crazies,2010,https://letterboxd.com/rotoloboi/film/the-crazies-2010/,1,,,2020-05-03
2020-05-04,Circus of Books,2019,https://letterboxd.com/rotoloboi/film/circus-of-books/,3,,,2020-05-03
2020-05-04,M.O.M. Mothers of Monsters,2020,https://letterboxd.com/rotoloboi/film/mom-mothers-of-monsters/,1,,,2020-05-03
2020-05-05,I Don't Feel at Home in This World Anymore,2017,https://letterboxd.com/rotoloboi/film/i-dont-feel-at-home-in-this-world-anymore/,3.5,,,2020-05-03
2020-05-04,Don't Knock Twice,2016,https://letterboxd.com/rotoloboi/film/dont-knock-twice/,2,,,2020-05-04
2020-05-05,Iron Man 3,2013,https://letterboxd.com/rotoloboi/film/iron-man-3/,3,Yes,,2020-05-04
2020-05-05,The Half of It,2020,https://letterboxd.com/rotoloboi/film/the-half-of-it/,2.5,,,2020-05-04
2020-05-06,My Big Fat Greek Wedding,2002,https://letterboxd.com/rotoloboi/film/my-big-fat-greek-wedding/,3.5,Yes,,2020-05-05
2020-05-07,Vox Lux,2018,https://letterboxd.com/rotoloboi/film/vox-lux/1/,4,Yes,,2020-05-06
2020-05-07,Freedom Writers,2007,https://letterboxd.com/rotoloboi/film/freedom-writers/,3,Yes,,2020-05-06
2020-05-10,The Gift,2015,https://letterboxd.com/rotoloboi/film/the-gift-2015-1/,3.5,Yes,,2020-05-09
2020-05-11,I See You,2019,https://letterboxd.com/rotoloboi/film/i-see-you-2019/,4.5,,,2020-05-10
2020-05-12,Pride,2014,https://letterboxd.com/rotoloboi/film/pride-2014/,4,,,2020-05-11
2020-05-13,The Phantom of the Opera,2004,https://letterboxd.com/rotoloboi/film/the-phantom-of-the-opera-2004/,5,Yes,,2020-05-12
2020-05-14,Gone Girl,2014,https://letterboxd.com/rotoloboi/film/gone-girl/,4.5,,,2020-05-13
2020-05-15,Enemy,2013,https://letterboxd.com/rotoloboi/film/enemy/,4,,,2020-05-14
2020-05-16,Maleficent: Mistress of Evil,2019,https://letterboxd.com/rotoloboi/film/maleficent-mistress-of-evil/,3,,,2020-05-15
2020-05-17,Harry Potter and the Philosopher's Stone,2001,https://letterboxd.com/rotoloboi/film/harry-potter-and-the-philosophers-stone/,3.5,Yes,,2020-05-16
2020-05-17,Harry Potter and the Chamber of Secrets,2002,https://letterboxd.com/rotoloboi/film/harry-potter-and-the-chamber-of-secrets/,3.5,Yes,,2020-05-16
2020-05-17,Harry Potter and the Prisoner of Azkaban,2004,https://letterboxd.com/rotoloboi/film/harry-potter-and-the-prisoner-of-azkaban/,3.5,Yes,,2020-05-16
2020-05-17,Harry Potter and the Order of the Phoenix,2007,https://letterboxd.com/rotoloboi/film/harry-potter-and-the-order-of-the-phoenix/,3.5,Yes,,2020-05-16
2020-05-17,Harry Potter and the Goblet of Fire,2005,https://letterboxd.com/rotoloboi/film/harry-potter-and-the-goblet-of-fire/,3.5,Yes,,2020-05-16
2020-05-17,Harry Potter and the Half-Blood Prince,2009,https://letterboxd.com/rotoloboi/film/harry-potter-and-the-half-blood-prince/,3.5,Yes,,2020-05-16
2020-05-17,Harry Potter and the Deathly Hallows: Part 1,2010,https://letterboxd.com/rotoloboi/film/harry-potter-and-the-deathly-hallows-part-1/,3.5,Yes,,2020-05-16
2020-05-17,Harry Potter and the Deathly Hallows: Part 2,2011,https://letterboxd.com/rotoloboi/film/harry-potter-and-the-deathly-hallows-part-2/,3.5,Yes,,2020-05-16
2020-05-18,Source Code,2011,https://letterboxd.com/rotoloboi/film/source-code/,3.5,,,2020-05-17
2020-05-21,The Pursuit of Happyness,2006,https://letterboxd.com/rotoloboi/film/the-pursuit-of-happyness/,3.5,Yes,,2020-05-19
2020-05-21,The Martian,2015,https://letterboxd.com/rotoloboi/film/the-martian/,4,Yes,,2020-05-20
2020-05-23,Divergent,2014,https://letterboxd.com/rotoloboi/film/divergent/,2,,,2020-05-22
2020-05-23,The Fault in Our Stars,2014,https://letterboxd.com/rotoloboi/film/the-fault-in-our-stars/,3.5,Yes,,2020-05-22
2020-05-24,Passengers,2016,https://letterboxd.com/rotoloboi/film/passengers-2016/,3.5,Yes,,2020-05-23
2020-05-25,Django Unchained,2012,https://letterboxd.com/rotoloboi/film/django-unchained/,4.5,,,2020-05-24
2020-05-25,Joker,2019,https://letterboxd.com/rotoloboi/film/joker-2019/,4,,,2020-05-24
2020-05-25,The Inventor: Out for Blood in Silicon Valley,2019,https://letterboxd.com/rotoloboi/film/the-inventor-out-for-blood-in-silicon-valley/,4,,,2020-05-24
2020-05-26,We Were Here,2011,https://letterboxd.com/rotoloboi/film/we-were-here/,3.5,,,2020-05-25
2020-05-26,Good Will Hunting,1997,https://letterboxd.com/rotoloboi/film/good-will-hunting/,4.5,Yes,,2020-05-25
2020-05-26,Twilight,2008,https://letterboxd.com/rotoloboi/film/twilight-2008/,1.5,Yes,,2020-05-25
2020-05-30,The Hug,2018,https://letterboxd.com/rotoloboi/film/the-hug-2018/,4,,,2020-05-30
2020-05-31,Knives Out,2019,https://letterboxd.com/rotoloboi/film/knives-out-2019/,4.5,,,2020-05-30
2020-06-01,House at the End of the Street,2012,https://letterboxd.com/rotoloboi/film/house-at-the-end-of-the-street/,1.5,Yes,,2020-05-31
2020-06-01,Pet Sematary,2019,https://letterboxd.com/rotoloboi/film/pet-sematary-2019/,2.5,,,2020-05-31
2020-06-02,The Report,2019,https://letterboxd.com/rotoloboi/film/the-report-2019/,3.5,,,2020-06-01
2020-06-03,Fight Club,1999,https://letterboxd.com/rotoloboi/film/fight-club/1/,4,Yes,,2020-06-02
2020-06-03,If Beale Street Could Talk,2018,https://letterboxd.com/rotoloboi/film/if-beale-street-could-talk/,4,,,2020-06-02
2020-06-04,Free Solo,2018,https://letterboxd.com/rotoloboi/film/free-solo/,4,,,2020-06-03
2020-06-05,The Help,2011,https://letterboxd.com/rotoloboi/film/the-help/,4.5,Yes,,2020-06-04
2020-06-06,The Curious Case of Benjamin Button,2008,https://letterboxd.com/rotoloboi/film/the-curious-case-of-benjamin-button/,2,,,2020-06-05
2020-07-06,Border,2018,https://letterboxd.com/rotoloboi/film/border-2018/,4,,,2020-06-05
2020-06-07,Baby Driver,2017,https://letterboxd.com/rotoloboi/film/baby-driver/1/,3,Yes,,2020-06-06
2020-06-08,Leap Year,2010,https://letterboxd.com/rotoloboi/film/leap-year/,1,,,2020-06-06
2020-06-09,Amélie,2001,https://letterboxd.com/rotoloboi/film/amelie/1/,4.5,Yes,,2020-06-08
2020-06-13,Ender's Game,2013,https://letterboxd.com/rotoloboi/film/enders-game/,3.5,,,2020-06-11
2020-06-16,The Invitation,2015,https://letterboxd.com/rotoloboi/film/the-invitation-2015/,2,,,2020-06-15
2020-06-16,Girl on the Third Floor,2019,https://letterboxd.com/rotoloboi/film/girl-on-the-third-floor-2019/,1,,,2020-06-15
2020-06-17,Our House,2018,https://letterboxd.com/rotoloboi/film/our-house-2018/,1.5,,,2020-06-16
2020-06-18,The Normal Heart,2014,https://letterboxd.com/rotoloboi/film/the-normal-heart/1/,5,Yes,,2020-06-17
2020-06-18,Await Further Instructions,2018,https://letterboxd.com/rotoloboi/film/await-further-instructions/,1.5,,,2020-06-17
2020-06-19,The Darkness,2016,https://letterboxd.com/rotoloboi/film/the-darkness-2016/,1.5,,,2020-06-18
2020-06-19,Den of Thieves,2018,https://letterboxd.com/rotoloboi/film/den-of-thieves/,4,,,2020-06-19
2020-06-24,Uncut Gems,2019,https://letterboxd.com/rotoloboi/film/uncut-gems/,4,,,2020-06-23
2020-06-27,Assassination Nation,2018,https://letterboxd.com/rotoloboi/film/assassination-nation/,4,,,2020-06-26
2020-06-29,Just Mercy,2019,https://letterboxd.com/rotoloboi/film/just-mercy/,3.5,,,2020-06-28
2020-06-30,The Platform,2019,https://letterboxd.com/rotoloboi/film/the-platform/,3.5,,,2020-06-28
2020-07-01,Okja,2017,https://letterboxd.com/rotoloboi/film/okja/,4,,,2020-06-30
2020-07-02,Holes,2003,https://letterboxd.com/rotoloboi/film/holes/,3.5,Yes,,2020-07-01
2020-07-03,The Platform,2019,https://letterboxd.com/rotoloboi/film/the-platform/1/,4,Yes,,2020-07-02
2020-07-04,Artemis Fowl,2020,https://letterboxd.com/rotoloboi/film/artemis-fowl/,1.5,,,2020-07-03
2020-07-04,Hamilton,2020,https://letterboxd.com/rotoloboi/film/hamilton-2020/,4.5,,,2020-07-03
2020-07-05,The Town,2010,https://letterboxd.com/rotoloboi/film/the-town/,4,Yes,,2020-07-04
2020-07-06,Coherence,2013,https://letterboxd.com/rotoloboi/film/coherence/,4.5,,,2020-07-05
2020-07-07,Dogtooth,2009,https://letterboxd.com/rotoloboi/film/dogtooth/,2.5,,,2020-07-06
2020-07-08,Patriots Day,2016,https://letterboxd.com/rotoloboi/film/patriots-day/,4,,,2020-07-07
2020-07-10,Nocturnal Animals,2016,https://letterboxd.com/rotoloboi/film/nocturnal-animals/,3,,,2020-07-09
2020-07-11,The Assent,2019,https://letterboxd.com/rotoloboi/film/the-assent/,1,,,2020-07-10
2020-07-11,Evil Dead,2013,https://letterboxd.com/rotoloboi/film/evil-dead/,4,Yes,,2020-07-11
2020-07-13,Prayers for Bobby,2009,https://letterboxd.com/rotoloboi/film/prayers-for-bobby/,3.5,Yes,,2020-07-12
2020-07-13,The Circle,2017,https://letterboxd.com/rotoloboi/film/the-circle-2017/1/,2.5,Yes,,2020-07-12
2020-07-13,Splinter,2008,https://letterboxd.com/rotoloboi/film/splinter-2008/,2,,,2020-07-12
2020-07-13,Clueless,1995,https://letterboxd.com/rotoloboi/film/clueless/,4,Yes,,2020-07-12
2020-07-16,The Brass Teapot,2012,https://letterboxd.com/rotoloboi/film/the-brass-teapot/,3,Yes,,2020-07-15
2020-07-17,Premium Rush,2012,https://letterboxd.com/rotoloboi/film/premium-rush/,3.5,Yes,,2020-07-16
2020-07-18,Sorry to Bother You,2018,https://letterboxd.com/rotoloboi/film/sorry-to-bother-you/1/,4,Yes,,2020-07-17
2020-07-19,Valentine's Day,2010,https://letterboxd.com/rotoloboi/film/valentines-day/,2,,,2020-07-18
2020-07-19,Ideal Home,2018,https://letterboxd.com/rotoloboi/film/ideal-home/,3,,,2020-07-18
2020-07-20,Brokeback Mountain,2005,https://letterboxd.com/rotoloboi/film/brokeback-mountain/,4,Yes,,2020-07-19
2020-07-20,American Hustle,2013,https://letterboxd.com/rotoloboi/film/american-hustle/,4,,,2020-07-19
2020-07-21,mother!,2017,https://letterboxd.com/rotoloboi/film/mother-2017/1/,4,Yes,,2020-07-20
2020-07-22,Brené Brown: The Call to Courage,2019,https://letterboxd.com/rotoloboi/film/brene-brown-the-call-to-courage/,3.5,,,2020-07-21
2020-07-23,The Hunger Games,2012,https://letterboxd.com/rotoloboi/film/the-hunger-games/,3,Yes,,2020-07-22
2020-07-25,Vivarium,2019,https://letterboxd.com/rotoloboi/film/vivarium/,3.5,,,2020-07-25
2020-07-27,The Night Eats the World,2018,https://letterboxd.com/rotoloboi/film/the-night-eats-the-world/,2,,,2020-07-26
2020-07-27,Man of the House,1995,https://letterboxd.com/rotoloboi/film/man-of-the-house/,1,,,2020-07-26
2020-07-27,The Hunger Games: Catching Fire,2013,https://letterboxd.com/rotoloboi/film/the-hunger-games-catching-fire/,3.5,,,2020-07-26
2020-07-28,The Hunger Games: Mockingjay - Part 1,2014,https://letterboxd.com/rotoloboi/film/the-hunger-games-mockingjay-part-1/,2.5,Yes,,2020-07-27
2020-07-29,Mad Max: Fury Road,2015,https://letterboxd.com/rotoloboi/film/mad-max-fury-road/,4.5,Yes,,2020-07-28
2020-07-30,The Hunger Games: Mockingjay - Part 2,2015,https://letterboxd.com/rotoloboi/film/the-hunger-games-mockingjay-part-2/,3,,,2020-07-29
2020-07-31,The Glass House,2001,https://letterboxd.com/rotoloboi/film/the-glass-house/,2,,,2020-07-31
2020-08-01,Bad Education,2019,https://letterboxd.com/rotoloboi/film/bad-education-2019/,4,,,2020-07-31
2020-08-02,Jojo Rabbit,2019,https://letterboxd.com/rotoloboi/film/jojo-rabbit/,4.5,,,2020-08-01
2020-08-03,Ready Player One,2018,https://letterboxd.com/rotoloboi/film/ready-player-one/,4,,,2020-08-02
2020-08-04,21,2008,https://letterboxd.com/rotoloboi/film/21/,2.5,Yes,,2020-08-03
2020-08-06,Bo Burnham: Make Happy,2016,https://letterboxd.com/rotoloboi/film/bo-burnham-make-happy/,4.5,Yes,,2020-08-05
2020-08-06,Bo Burnham: What.,2013,https://letterboxd.com/rotoloboi/film/bo-burnham-what/,4,Yes,,2020-08-05
